File_name,Specimen_ID,Taxon,Clade,Subclade,Specimen_type,Flipper_status,Ecotype,Ecotype_references,Forelimb_type,Hindlimb_type,Limb_type_references,MWS,AZR_forelimb,First_occurrence_mya,Last_occurrence_mya,Citations_for_occurrences,Notes_on_occurrences
Abronia_graminea__USNM_113198.png,USNM_113198,Abronia_graminea,Reptilia,Lepidosauromorpha,"Recent, radiograph",Non-flippered,Terrestrial,Flores-Villela and Santos-Barrera 2007: We find no reference to aquatic habits in this species.,Unwebbed,NA,Webbing phenotype based on soft-tissue outline in Abronia graminea radiograph USNM_113199.,1,PENDING,PENDING,0,PENDING,Extant
Abronia_graminea__USNM_113199.png,USNM_113199,Abronia_graminea,Reptilia,Lepidosauromorpha,"Recent, radiograph",Non-flippered,Terrestrial,Flores-Villela and Santos-Barrera 2007: We find no reference to aquatic habits in this species.,Unwebbed,NA,Webbing phenotype based on soft-tissue outline in Abronia graminea radiograph USNM_113199.,1,PENDING,PENDING,0,PENDING,Extant
Acanthocercus_annectens__USNM_589397.png,USNM_589397,Acanthocercus_annectens,Reptilia,Lepidosauromorpha,"Recent, radiograph",Non-flippered,Terrestrial,Spawls et al. 2018: We find no reference to aquatic habits in this species.,Unwebbed,NA,Webbing phenotype based on soft-tissue outline in Abronia graminea radiograph USNM_113199.,1,PENDING,PENDING,0,PENDING,Extant
Adelosaurus_sp__NEWHM_G26_49.jpg,NEWHM_G26-49,Adelosaurus_huxleyi,Reptilia,Stem reptiles,"Fossil, original",Non-flippered,Data Deficient,"Evans 1988: The limited existing Adelosaurus material has different features suggestive of terrestrial and aquatic habits, though its overall morphology makes a terrestrial lifestyle more likely. However, in the absence of more complete material and data, we cannot rule out a Transiently or even Moderately Aquatic lifestyle for this taxon. As a result, its ecotype remains unclear.","Unclear, terr.","Unclear, terr.",NA,NA,0.853563935,PENDING,PENDING,PENDING,PENDING
Alligator_mississippiensis__YPM_R_11754,YPM_HERR_11754,Alligator_mississippiensis,Reptilia,Archosauromorpha,Recent,Non-flippered,Highly Aquatic,"All extant crocodilians are amphibious predators that spend extensive time hunting and wading in the water, but also routinely bask, nest, and travel to some degree on land (Whitaker and Bass 1982; Ferguson 1985; Vitt and Caldwell 2014, ch. 19: Crocodylians; Murray et al. 2020). These species nevertheless span a continuum of semi-aquatic lifestyles, which differ intraspecifically, ontogenetically, and depending on weather and other external factors. In order to bin crocodilians by ecotype in an analysis that could plausibly encompass all other amniotes, we inevitably oversimplify the complex natural history of the clade. We try only to score them in a consistent way that broadly reflects their ecological history permits comparison to other amniotes. To that end, we describe our reasoning for these scores. We consider the brevirostrine species Osteolaemus tetraspis and Paleosuchus trigonatus the least aquatic crocodilians. O. tetraspis often inhabits sparsely inundated shallow inland streams and cave systems (Crocodile Specialist Group 1996; Vitt and Caldwell 2014, p. 332: Crocodylidae; Shirley et al. 2017), and it regularly hunts small terrestrial prey (Pauwels et al. 2007), which may make up the entirety of its adult diet in cave-dwelling populations (Shirley et al. 2017). Though quantitative comparisons of water and land habitation are sparse, one study found that some (but not all) captive O. tetraspis individuals spent the overwhelming majority of their time on land (Uwakaneme et al. 2004 [abstract])—a finding consistent with the highly terrestrial diet of some populations (Shirley et al. 2017). P. trigonatus is likewise often found about small inland streams in heavily forested areas (Medem 1958; Magnusson et al. 1987; Brochu 2001); adults consume primarily terrestrial prey (Jackson et al. 1974; Magnusson et al. 1987), and spens vast stretches of time on land, with one wild individual apparently residing under dry ground for 10 days (Magnusson and Lima 1990). These relatively terrestrial habits have led some authors to suggest a connection between terrestriality and brevirostry (Kälin 1933, cited in Medem 1958; Brochu 2001). However, the closely related P. palpebrosus, which is more conspicuously brevirostrine than its congener (Medem 1958), resides about larger water bodies and consumes relatively less terrestrial prey (Magnusson et al. 1987), casting doubt on this suggestion. Regardless, these species still typically spend extended periods of time in the water and have at least partly aquatic diets. As a result, we consider P. trigonatus and O. tetraspis Moderately Aquatic, with equal-to-subequal regions of niche space and habitation time devoted to land and water. In contrast, we consider P. palpebrosus and all other extant crocodilian species Highly Aquatic, as most individuals seem to spend the majority of their time in the water, coming onto land only to bask and nest. Within this single bin of “Highly Aquatic” crocodilians, we stress the existence of a finer continuum. In particular, we might well consider gavialids and the Saltwater Crocodile more aquatic than the other species sorted within this bin. Perhaps because they descend from marine ancestors (Wilberg et al. 2019), the gavialids G. gangeticus and T. schlegelli have longirostrine snouts often treated as specializations for hunting fish, though their diet is really more varied (Whitaker and Basu 1982). And while T. schlegelli occupies lentic marsh waters (Staniewicz 2018), G. gangeticus resides in deep, fast-moving rivers, seldom (if ever) moves far from the water’s edge, often remains submerged during nest attendance, and has more limited mobility on land than other modern crocodilians (Whitaker and Bass 1982; Vitt and Caldwell 2014: Gavialidae, p. 548; Choudhary et al. 2017; Murray et al. 2020). As a result, G. gangeticus is often considered the most aquatic modern crocodilian (Vitt and Caldwell 2014: Gavialidae, p. 548). In a similar vein, the  Crocodylus porosus may be the most active swimmer among modern crocodilians, often making extended (>1000 km) journeys over open ocean (Fukuda et al. 2019; Spennerman 2020). As a result, one might draw finer ecotypic distinctions among the many less terrestrial crocodilians. For this study, given that gavialids, C. porosus, and all their potentially less aquatic counterparts seem to spend the majority of their time in the water, but periodically return to land to nest, rest, and bask, we consider them all Highly Aquatic. In brief, we treat O. tetraspis and P. trigonatus as Moderately Aquatic, and all other species as Highly so.",Webbed,Webbed,"Fluid-preserved specimens YPM_R_06531 and YPM_R_06535, and taxidermied specimen YPM_R_15068",3,0.79498675,,0,PENDING,Extant
Amblyonyx_cinerea__AMNH_106626__forelimb_autopods_DV,AMNH 106626,Aonyx_cinerea,Mammalia,Ferae,Recent,Non-flippered,Moderately Aquatic,"Larivière 2003; Wright et al. 2021: Although primarily aquatic, Aonyx cinerea regularly spends extensive time on land, and will occasionally travel far from water sources.",Webbed,Webbed,AMNH skin specimens of Amblyonyx spp.,2.5,0.7537351,PENDING,0,PENDING,Extant
Antechinus_flavipes__YPM_MAM_1196_planform_hum1.JPG,YPM MAM 7089,Antechinus_flavipes,Mammalia,Non-placentals,"Recent, original skeleton",Non-flippered,Terrestrial, Stokes et al. 2004; Marchesan and Carthew 2008: This species is predominantly ground-dwelling. We find no reference to aquatic habits.,"Unclear, terr.","Unclear, terr.","No zoological specimens were available for us to examine. As a result, its webbing phenotype remains ambiguous.",NA,0.487790351,PENDING,0,PENDING,Extant
Askeptosaurus_italicus__T4846,AMNH FARB 3920,Askeptosaurus_italicus,Reptilia,Euryapsida,"Fossil, cast",Ambiguous,Data Deficient,"Although clearly adapted to an aquatic lifestyle (Romer 1956, Osteology of the Reptiles, pp. 344, 524; Rieppel et al. 2005), thalattosaurs seem to retain well-developed jointed limbs, suggesting that they retained the ability to make limited trips on land. The degree to which they traveled onto land remains unclear, so we cannot resolve whether thalattosaurs were Moderately, Highly, or Fully/Near-Fully Aquatic.  ","Unclear, aquat.","Unclear, aquat.",NA,NA,1.171110171,247.2,235,PBDB (https://paleobiodb.org/classic/checkTaxonInfo?taxon_no=372938&is_real_user=1),NA
Atherurus_macrourus__AMNH_117640__forelimb_zeugoautopod_DV__pic1,AMNH 117640,Atherurus_macrourus,Mammalia,Euarchontoglires,Recent,Non-flippered,Terrestrial,"A. macrurus is a fossorial ground-dwelling species (Molur 2020). The closely related A. africanus is apparently a good swimmer but rarely forays into the water (Jori et al. 1988), and we find no reference to regular aquatic habits in either species. As a result, we consider A. macrurus Terrestrial.",Webbed,Webbed,Skin specimen AMNH_59922,2,0.6119318,PENDING,0,PENDING,Extant
Chelonia_mydas__FMNH_22066.jpg,FMNH22066,Chelonia_mydas,Reptilia,Testudines,Recent,Flippered,(Almost) Fully Aquatic,"Vitt and Caldwell 2014, p. 531: Cheloniidae",Flippered,Flippered,"All crown chelonioids (“sea turtles”) were scored as having fully flippered fore- and hindlimbs, following Wyneken 2001. This was supported by direct observation of fluid-preserved specimen YPM_R_02957 (Caretta_caretta).",5,1.919421705,PENDING,0,PENDING,Extant
Chelus_fimbriatus_YPM_R_11225.JPG,YPM HERR 11225,Chelus_fimbriatus,Reptilia,Testudines,Recent,Non-flippered,(Almost) Fully Aquatic,"Vitt and Caldwell 2014, p. 528: Chelidae",Webbed,Webbed,PENDING,3,1.175930179,PENDING,0,PENDING,Extant
Choeropsis_liberiensis__AMNH_202423__autopods_DV,AMNH 202423,Choeropsis_liberiensis,Mammalia,Ungulata,Recent,Non-flippered,Moderately Aquatic,"The Pygmy Hippopotamus (Choeropsis liberiensis) might be considered less aquatic than its larger counterpart (Hippopotamus amphibius), as it gives birth on land—although less is known about its natural history (Ransom et al. 2015). However, its range is limited to marshes and water courses, and it still spends extensive time in an aquatic medium, foraging for semi-aquatic plants, suckling pups, and (in some cases at least) copulating in the water. As a result, we consider this species Moderately Aquatic.",Webbed,Webbed,"Hippopotamids were scored using fluid-preserved Choeropsis specimens AMNH_214396 and AMNH_146608, which had very slight webbing between D3 and D4.",2,0.8303909,PENDING,0,PENDING,Extant
Claudiosaurus_germaini__MNHN_MAP1a_1978_6_1a,MAP1a_1978-6-1,Claudiosaurus_germaini,Reptilia,Stem reptiles,"Fossil, original",Non-flippered,Data Deficient,"Morphological features suggest that Claudiosaurus had an aquatic lifestyle (Carroll 1981; Sues 2019, p. 41). However, it retains well-developed jointed appendages, and it remains unclear whether and to what extent it traversed on land. As a result, we cannot resolve whether this taxon was Moderately or Highly Aquatic.","Unclear, aquat.","Unclear, aquat.",NA,NA,0.92893401,259.9,252.17,PBDB (https://paleobiodb.org/classic/checkTaxonInfo?taxon_no=138614&is_real_user=1),NA
Condylura_cristata__AMNH_48051__forelimb_zeugoautopod_pic1,AMNH 48051,Condylura_cristata,Mammalia,Eulipotyphla,Recent,Non-flippered,Moderately Aquatic,"Petersen and Yates 1980; Reid 2006 (Star-Nosed Mole: pp. 389–390): This talpid is an eager and excellent swimmer, and often has a diet often consisting primarily of aquatic prey. It typically inhabits swamps, streams, or the wetter regions of woods or meadows. However, it seems to spend extensive time on land as well, foraging commonly (and, in some cases, primarily) for terrestrial prey, and building nests far above the water line using terrestrial vegetation. As a result, we consider this species Moderately Aquatic.",Unwebbed,Webbed,Skin specimens YPM_04525 and YPM_02199: hands unwebbed but with stiff paradigital scales; feet partially webbed,1,0.4331337,PENDING,0,PENDING,Extant
Corytophanes_cristatus__YPM_R_15185,YPM_R_15185,Corytophanes_cristatus,Reptilia,Lepidosauromorpha,Recent,Non-flippered,Terrestrial,"Vitt and Caldwell, p. 590: Corytophanidae; Bolívar et al. 2016: These lizards are described as a highly arboreal species occupying terrestrial habitats. ",Unwebbed,Unwebbed,PENDING,1,0.881495466,PENDING,0,PENDING,Extant
Cryptobranchus_alleganiensis__YPM_A_11881,YPM A 11881,Cryptobranchus_alleganiensis,Outgroups,Outgroups,"Recent, original skeleton",Non-flippered,(Almost) Fully Aquatic,"Browne et al. 2014; Vitt and Caldwell 2014 (Cryptobranchidae, pp. 459–460); IUCN SSC Amphibian Specialist Group 2022: Cryptobranchids are fully aquatic salamanders that reproduce, spawn, metamorphose, and spend most if not all of their time as an adult submerged. It respires primarily through its skin in the water. The major staple of its diet is freshwater crayfish, and while it can presumably leave the water for vanishingly short periods, we find no reports of extensive overland travel. ",Unwebbed,Unwebbed,PENDING,1,0.811653672548215,PENDING,0,PENDING,Extant
Cuora_galbinifrons__YPM_HER_R_17246,YPM HERR 17246,Cuora_galbinifrons,Reptilia,Testudines,Recent,Non-flippered,Terrestrial,Xiao et al. 2017,Webbed,Webbed,PENDING,3,0.465604991,PENDING,0,PENDING,Extant
Cuora_galbinifrons__YPM_R_17245.JPG,YPM HERR 17245,Cuora_galbinifrons,Reptilia,Testudines,Recent,Non-flippered,Moderately Aquatic,Xiao et al. 2017,Webbed,Webbed,PENDING,3,0.426926484,PENDING,0,PENDING,Extant
Cystophora_cristata__AMNH_100135__forelimb_zeugoautopods_DV,AMNH 100135,Cystophora_cristata,Mammalia,Ferae,Recent,Flippered,Highly Aquatic,"Berta 2008; Bowen 2008: Pinnipeds are highly adapted to aquatic life, and spend most of their time in the water. They are active swimmers and dive to forage for their exclusively aquatic prey. However, they also routinely haul onto land to rest, bask, and (in some species more than others) court and breed. As a result, we consider all pinnipeds Highly Aquatic.",Flippered,Flippered,"All pinnipeds were scored as having fully flippered fore- and hindlimbs, following Cooper 2008, Encyclopedia of Marine Mammals entries on limb anatomy. This scoring was supported by direct observation of Zalophus and Phoca specimens (YPM 03329: Phoca vitulina concolor, skin; AMNH 201648: Zalophus californianus, fluid-preserved).",5,1.0150744,PENDING,0,PENDING,Extant
Cystophora_cristata_USNM_593970_NMNH_04_CCR_07_foreflipper_merged.png,USNM_595970,Cystophora_cristata,Mammalia,Ferae,Recent,Flippered,Highly Aquatic,"Berta 2008; Bowen 2008: Pinnipeds are highly adapted to aquatic life, and spend most of their time in the water. They are active swimmers and dive to forage for their exclusively aquatic prey. However, they also routinely haul onto land to rest, bask, and (in some species more than others) court and breed. As a result, we consider all pinnipeds Highly Aquatic.",Flippered,Flippered,"All pinnipeds were scored as having fully flippered fore- and hindlimbs, following Cooper 2008, Encyclopedia of Marine Mammals entries on limb anatomy. This scoring was supported by direct observation of Zalophus and Phoca specimens (YPM 03329: Phoca vitulina concolor, skin; AMNH 201648: Zalophus californianus, fluid-preserved).",5,PENDING,PENDING,0,PENDING,Extant
Delphinapterus_leucas_NMNH_USNM_571021.jpg,USNM 571021,Delphinapterus_leucas,Mammalia,Ungulata,"Recent, radiograph",Flippered,(Almost) Fully Aquatic,"Reid 2006 (Cetacea: p. 510); Chivers 2008: Cetaceans are fully aquatic mammals, bearing their young and spending their entirely lives in the water.",Flippered,Flippered,"All crown cetaceans were scored as having fully flippered forelimbs, following Cooper 2008 Encyclopedia of Marine Mammals entries on limb anatomy. This was supported by direct observation of fluid-preserved specimens AMNH_202413 (Megaptera_novaeangliae), AMNH_239112 (Stenella_frontalis), AMNH_200667 (Monodon_monoceros), and the assessment of soft-tissue outlines from all sampled USNM radiographs.",5,2.333807684,PENDING,0,PENDING,Extant
Delphinus_delphis_NMNH_DDE13_left.jpg,USNM DDE13,Delphinus_delphis,Mammalia,Ungulata,"Recent, radiograph",Flippered,(Almost) Fully Aquatic,"Reid 2006 (Cetacea: p. 510); Chivers 2008: Cetaceans are fully aquatic mammals, bearing their young and spending their entirely lives in the water.",Flippered,Flippered,"All crown cetaceans were scored as having fully flippered forelimbs, following Cooper 2008 Encyclopedia of Marine Mammals entries on limb anatomy. This was supported by direct observation of fluid-preserved specimens AMNH_202413 (Megaptera_novaeangliae), AMNH_239112 (Stenella_frontalis), AMNH_200667 (Monodon_monoceros), and the assessment of soft-tissue outlines from all sampled USNM radiographs.",5,3.054294176,PENDING,0,PENDING,Extant
Delphinus_delphis_NMNH_IFAW12_029_left.jpg,USNM IFAW12 029,Delphinus_delphis,Mammalia,Ungulata,"Recent, radiograph",Flippered,(Almost) Fully Aquatic,"Reid 2006 (Cetacea: p. 510); Chivers 2008: Cetaceans are fully aquatic mammals, bearing their young and spending their entirely lives in the water.",Flippered,Flippered,"All crown cetaceans were scored as having fully flippered forelimbs, following Cooper 2008 Encyclopedia of Marine Mammals entries on limb anatomy. This was supported by direct observation of fluid-preserved specimens AMNH_202413 (Megaptera_novaeangliae), AMNH_239112 (Stenella_frontalis), AMNH_200667 (Monodon_monoceros), and the assessment of soft-tissue outlines from all sampled USNM radiographs.",5,2.697132616,PENDING,0,PENDING,Extant
Delphinus_delphis_NMNH_IFAW13_045_right.jpg,USNM IFAW13 045,Delphinus_delphis,Mammalia,Ungulata,"Recent, radiograph",Flippered,(Almost) Fully Aquatic,"Reid 2006 (Cetacea: p. 510); Chivers 2008: Cetaceans are fully aquatic mammals, bearing their young and spending their entirely lives in the water.",Flippered,Flippered,"All crown cetaceans were scored as having fully flippered forelimbs, following Cooper 2008 Encyclopedia of Marine Mammals entries on limb anatomy. This was supported by direct observation of fluid-preserved specimens AMNH_202413 (Megaptera_novaeangliae), AMNH_239112 (Stenella_frontalis), AMNH_200667 (Monodon_monoceros), and the assessment of soft-tissue outlines from all sampled USNM radiographs.",5,2.12749004,PENDING,0,PENDING,Extant
Delphinus_delphis_NMNH_IFAW13_052_right.jpg,USNM IFAW 13 052,Delphinus_delphis,Mammalia,Ungulata,"Recent, radiograph",Flippered,(Almost) Fully Aquatic,"Reid 2006 (Cetacea: p. 510); Chivers 2008: Cetaceans are fully aquatic mammals, bearing their young and spending their entirely lives in the water.",Flippered,Flippered,"All crown cetaceans were scored as having fully flippered forelimbs, following Cooper 2008 Encyclopedia of Marine Mammals entries on limb anatomy. This was supported by direct observation of fluid-preserved specimens AMNH_202413 (Megaptera_novaeangliae), AMNH_239112 (Stenella_frontalis), AMNH_200667 (Monodon_monoceros), and the assessment of soft-tissue outlines from all sampled USNM radiographs.",5,2.52180937,PENDING,0,PENDING,Extant
Didelphis_virginiana__YPM_MAM_010323.JPG,YPM MAM 010323,Didelphis_virginiana,Mammalia,Non-placentals,"Recent, original skeleton",Non-flippered,Terrestrial,"Didelphis species are strong but inefficient swimmers, which will readily take to the water, even as an occasional means of escape, but tire and chill quickly when submerged (Doubt 1974; McManus 1974; Fish 1993). Given the presumed rare nature of this occurrence, we follow Fish (1993) in calling the Virginia opossum “Terrestrial”. However, if the use of water as a means of escape were common, we would call the species “Transiently Aquatic”",Unwebbed,Unwebbed,"Skin specimens YPM_14365, YPM_15326, and YPM_15327 had extensive palm girth overhang, particularly on hands, but no true interdigital webbing.",1,0.479316618,PENDING,0,PENDING,Extant
Dolichotis_sp__AMNH_48218__forelimb_autopods_DV__pic1,AMNH 48218,Dolichotis_sp,Mammalia,Euarchontoglires,Recent,Non-flippered,Terrestrial,Bernal 2016; Roach 2016: Maras (Dolichotis spp.) occupy terrestrial environments. We find no reference to aquatic habits.,Unwebbed,Unwebbed,AMNH skin specimens of Dolichotis spp. were unwebbed.,1,0.3423657,PENDING,0,PENDING,Extant
Enhydra_lutris__AMNH_90366__forelimb_autopod_DV,AMNH 90366,Enhydra_lutris,Mammalia,Ferae,Recent,Non-flippered,Highly Aquatic,"Reid 2006, pp. 472–473: Sea Otter: This highly aquatic species seldom leaves the water, only venturing onto land for short periods during intense storms.",Webbed,Webbed,"Hands have moderate complete webbing. Feet have complete, extensive webbing. The feet are so highly webbed as to be near-flippered. Indeed, Reid (2006, p. 472) calls their hindlimbs flippers, but we score them as non-flippered, given that the webbing does not functionally integrate the auto- and zeugopodia into a continuous unit. Scored based on high-resolution photographs provided by Michael Durham (Oregon Zoo, Oregon, USA)",3,0.4838129,PENDING,0,PENDING,Extant
Eusaurosphargis__PIMUZ_A_III_4380,PIMUZ_A_III_4380,Eusaurosphargis_dalsassoi,Reptilia,Euryapsida,"Fossil, original",Non-flippered,Data Deficient,"Morphological features suggest a predominantly terrestrial lifestyle in this taxon, but leave open the possibility of occasional forays into the water (Scheyer et al. 2017). As a result, we cannot resolve whether this taxon is Terrestrial or Transiently Aquatic. ",NA,NA,NA,NA,0.761207567,247.2,235,PBDB (https://paleobiodb.org/classic/checkTaxonInfo?taxon_no=321267&is_real_user=1),NA
Halichoerus_grypsus__AMNH_100191__forelimb_zeugoautopods_DV,AMNH 100191,Halichoerus_grypsus,Mammalia,Ferae,Recent,Flippered,Highly Aquatic,"Berta 2008; Bowen 2008: Pinnipeds are highly adapted to aquatic life, and spend most of their time in the water. They are active swimmers and dive to forage for their exclusively aquatic prey. However, they also routinely haul onto land to rest, bask, and (in some species more than others) court and breed. As a result, we consider all pinnipeds Highly Aquatic.",Flippered,Flippered,"All pinnipeds were scored as having fully flippered fore- and hindlimbs, following Cooper 2008, Encyclopedia of Marine Mammals entries on limb anatomy. This scoring was supported by direct observation of Zalophus and Phoca specimens (YPM 03329: Phoca vitulina concolor, skin; AMNH 201648: Zalophus californianus, fluid-preserved).",5,0.9771744,PENDING,0,PENDING,Extant
Heloderma_suspectum__YPM_R_17984.JPG,YPM HERR 16819,Heloderma_suspectum,Reptilia,Lepidosauromorpha,Recent,Non-flippered,Terrestrial,Hammerson et al. 2007,Unwebbed,Unwebbed,PENDING,1,0.993816983,PENDING,0,NA,Extant
Heterodontosaurus_sp__SAM_PK_K1332.JPG,SAM-PK-K1332,Heterodontosaurus_sp,Reptilia,Archosauromorpha,"Fossil, original",Non-flippered,Terrestrial,"The first complete skeleton of Heterodontosaurus was uncovered from the Upper Red Beds of the Stormberg Group in South Africa (Santa Luca et al. 1976), which represent a distinctly terrestrial (arid or semi-arid) paleoenvironment. It has a relatively elongate manus and pes, but these seem adapted for grasping and running, respectively (Santa Luca et al. 1976; Norman et al. 2012). As a result, Heterodontosaurus is probably terrestrial, and we score it accordingly. However, in the additional data, we cannot rule out occasional forays into an aquatic medium, and this scoring remains tentative.","Unclear, terr.","Unclear, terr.",NA,NA,1.065234063,201.3,182.7,PBDB (https://paleobiodb.org/classic/checkTaxonInfo?taxon_no=38725&is_real_user=1),NA
Hippopotamus_amphibius__YPM_MAM_007461_DV.jpg,YPM MAM 007461,Hippopotamus_amphibius,Mammalia,Ungulata,"Recent, original skeleton",Non-flippered,Moderately Aquatic,"The Common Hippopotamus is well-adapted to a semi-aquatic lifestyle (Van Der Geer et al. 2014). It spends the majority of the day standing or bottom-walking in the shallow water of rivers, coastal lakes, and marine estuaries (Fisher et al. 2007; Lewison and Pluhácek 2017; Endo et al. 2018). They typically leave the water each night to forage on land for terrestrial grasses, which comprise a large part of their diet (Lewison and Pluhácek 2017). They have also been known to travel several kilometers overland at night (Clarke 1953). Given its extended daily activity both in water and on land, we consider this species Moderately Aquatic.",Webbed,Webbed,"Hippopotamids were scored using fluid-preserved Choeropsis specimens AMNH_214396 and AMNH_146608, which had very slight webbing between D3 and D4. However, Hippopotamus may have somewhat more pronounced webbing, and as we could not directly observe any zoological Hippopotamus specimens, this scoring remains tentative.",2,0.888917895836053,PENDING,0,PENDING,Extant
Hydrosaurus_amboinensis__YPM_R_11348.JPG,YPM HERR 11348,Hydrosaurus_amboinensis,Reptilia,Lepidosauromorpha,Recent,Non-flippered,Transiently Aquatic,"These lizards often use water as a means of escape, and have clear morphological adaptations to suit this purpose (Bauer and Jackman 2008). However, while individuals have been observed residing in a river, they are most often observed and mainly reside on land (Denzer et al. 2020; O’Shea et al. 2021 IUCN assessment for Hydrosaurus amboinensis). As a result, we treat them as “Transiently Aquatic”. Reasonably, however, Watkins-Colwell (1994) calls these lizards “routinely semiaquatic” (p. 24), and a “Moderately Aquatic” designation may be preferred depending on the frequency of their submerged activity. In the absence of additional behavioral data, we assume recurring but typically short forays into the water for this species, which then tentatively merits a “Transiently Aquatic” designation.",Unwebbed,"Unclear, aquat.","Hydrosaurus spp. scored from fluid-preserved specimen YPM_R_12886 (Hydrosaurus_amboinensis). Forelimb is unwebbed and lacking paradigital integument. Hindlimb is either lobate-webbed or possessing paradigital integument (ie: scales). Resolving which score would be most accurate requires additional study (dissection and/or developmental work), so hindlimb webbing score was marked as NA for the present paper.",1,1.018940723,PENDING,0,PENDING,Extant
Ichthyosaur_sp__HMNS_PV_1481.jpg,HMNS PV 1481,Ichthyosauria_sp (ASKED HMNS FOR SPECIES),Reptilia,Euryapsida,"Fossil, original",Flippered,(Almost) Fully Aquatic,"It is typically assumed that all the fully flippered viviparous marine reptiles of the Mesozoic (e.g., ichthyosaurs, plesiosaurs, and mosasaurs) could not travel on land, or seldom did so without great difficulty. For explicit allusions to this view, see Romer and Parsons 1949, p. 73; Thewissen and Taylor 2007; Griebeler and Klein 2019. Under this plausible assumption, we classify all ichthyosaurs, plesiosaurs, and mosasaurs as “(Almost) Fully Aquatic.”",Flippered,Flippered,"All ichthyosaurs are commonly described as having fully flippered fore- and hindlimbs (eg, Motani 2005; Gutarra and Rahman 2021)",5,7.53,,,,
Ichthyosaurus_sp__CM_25373.JPG,CM 25373,Ichthyosaurus_sp,Reptilia,Euryapsida,"Fossil, cast",Flippered,(Almost) Fully Aquatic,"It is typically assumed that all the fully flippered viviparous marine reptiles of the Mesozoic (e.g., ichthyosaurs, plesiosaurs, and mosasaurs) could not travel on land, or seldom did so without great difficulty. For explicit allusions to this view, see Romer and Parsons 1949, p. 73; Thewissen and Taylor 2007; Griebeler and Klein 2019. Under this plausible assumption, we classify all ichthyosaurs, plesiosaurs, and mosasaurs as “(Almost) Fully Aquatic.”",Flippered,Flippered,"All ichthyosaurs are commonly described as having fully flippered fore- and hindlimbs (eg, Romer 1956; Motani 2005; Gutarra and Rahman 2021)",5,8.88308585082779,,,,
Ichthyosaurus_sp__CM_30781.JPG,CM 30781,Ichthyosaurus_sp,Reptilia,Euryapsida,"Fossil, cast",Flippered,(Almost) Fully Aquatic,"It is typically assumed that all the fully flippered viviparous marine reptiles of the Mesozoic (e.g., ichthyosaurs, plesiosaurs, and mosasaurs) could not travel on land, or seldom did so without great difficulty. For explicit allusions to this view, see Romer and Parsons 1949, p. 73; Thewissen and Taylor 2007; Griebeler and Klein 2019. Under this plausible assumption, we classify all ichthyosaurs, plesiosaurs, and mosasaurs as “(Almost) Fully Aquatic.”",Flippered,Flippered,"All ichthyosaurs are commonly described as having fully flippered fore- and hindlimbs (eg, Romer 1956; Motani 2005; Gutarra and Rahman 2021)",5,6.544962406,,,,
Isoodon_obesulus__YPM_MAM_11210_planform1.jpg,YPM MAM 11210,Isoodon_obesulus,Mammalia,Non-placentals,"Recent, original skeleton",Non-flippered,Terrestrial,"Driessen et al. 2015: Although they often reside near water courses, this animal is predominantly terrestrial, and gets the majority of its water from dew and food. We find no reference to aquatic habits.","Unclear, terr.","Unclear, terr.","No zoological specimens were available for us to examine. As a result, its webbing phenotype remains ambiguous.",NA,0.504571704,PENDING,0,PENDING,Extant
Kogia_breviceps_NMNH_USNM_550128.jpg,USNM 550128,Kogia_breviceps,Mammalia,Ungulata,"Recent, radiograph",Flippered,(Almost) Fully Aquatic,"Reid 2006 (Cetacea: p. 510); Chivers 2008: Cetaceans are fully aquatic mammals, bearing their young and spending their entirely lives in the water.",Flippered,Flippered,"All crown cetaceans were scored as having fully flippered forelimbs, following Cooper 2008 Encyclopedia of Marine Mammals entries on limb anatomy. This was supported by direct observation of fluid-preserved specimens AMNH_202413 (Megaptera_novaeangliae), AMNH_239112 (Stenella_frontalis), AMNH_200667 (Monodon_monoceros), and the assessment of soft-tissue outlines from all sampled USNM radiographs.",5,3.325898389,PENDING,0,PENDING,Extant
Kogia_breviceps_NMNH_USNM_550859_right.jpg,USNM 550859,Kogia_breviceps,Mammalia,Ungulata,"Recent, radiograph",Flippered,(Almost) Fully Aquatic,"Reid 2006 (Cetacea: p. 510); Chivers 2008: Cetaceans are fully aquatic mammals, bearing their young and spending their entirely lives in the water.",Flippered,Flippered,"All crown cetaceans were scored as having fully flippered forelimbs, following Cooper 2008 Encyclopedia of Marine Mammals entries on limb anatomy. This was supported by direct observation of fluid-preserved specimens AMNH_202413 (Megaptera_novaeangliae), AMNH_239112 (Stenella_frontalis), AMNH_200667 (Monodon_monoceros), and the assessment of soft-tissue outlines from all sampled USNM radiographs.",5,3.081359423,PENDING,0,PENDING,Extant
Kogia_breviceps_NMNH_USNM_571228.jpg,USNM 571228,Kogia_breviceps,Mammalia,Ungulata,"Recent, radiograph",Flippered,(Almost) Fully Aquatic,"Reid 2006 (Cetacea: p. 510); Chivers 2008: Cetaceans are fully aquatic mammals, bearing their young and spending their entirely lives in the water.",Flippered,Flippered,"All crown cetaceans were scored as having fully flippered forelimbs, following Cooper 2008 Encyclopedia of Marine Mammals entries on limb anatomy. This was supported by direct observation of fluid-preserved specimens AMNH_202413 (Megaptera_novaeangliae), AMNH_239112 (Stenella_frontalis), AMNH_200667 (Monodon_monoceros), and the assessment of soft-tissue outlines from all sampled USNM radiographs.",5,2.824297474,PENDING,0,PENDING,Extant
Kogia_sima_NMNH_USNM_504221.jpg,USNM 504221,Kogia_sima,Mammalia,Ungulata,"Recent, radiograph",Flippered,(Almost) Fully Aquatic,"Reid 2006 (Cetacea: p. 510); Chivers 2008: Cetaceans are fully aquatic mammals, bearing their young and spending their entirely lives in the water.",Flippered,Flippered,"All crown cetaceans were scored as having fully flippered forelimbs, following Cooper 2008 Encyclopedia of Marine Mammals entries on limb anatomy. This was supported by direct observation of fluid-preserved specimens AMNH_202413 (Megaptera_novaeangliae), AMNH_239112 (Stenella_frontalis), AMNH_200667 (Monodon_monoceros), and the assessment of soft-tissue outlines from all sampled USNM radiographs.",5,2.832865169,PENDING,0,PENDING,Extant
Kogia_sima_NMNH_USNM_550482.jpg,USNM 550482,Kogia_sima,Mammalia,Ungulata,"Recent, radiograph",Flippered,(Almost) Fully Aquatic,"Reid 2006 (Cetacea: p. 510); Chivers 2008: Cetaceans are fully aquatic mammals, bearing their young and spending their entirely lives in the water.",Flippered,Flippered,"All crown cetaceans were scored as having fully flippered forelimbs, following Cooper 2008 Encyclopedia of Marine Mammals entries on limb anatomy. This was supported by direct observation of fluid-preserved specimens AMNH_202413 (Megaptera_novaeangliae), AMNH_239112 (Stenella_frontalis), AMNH_200667 (Monodon_monoceros), and the assessment of soft-tissue outlines from all sampled USNM radiographs.",5,3.120793788,PENDING,0,PENDING,Extant
Lagenorhynchus_acutus_NMNH_USNM_504152.jpg,USNM 504152,Lagenorhynchus_acutus,Mammalia,Ungulata,"Recent, radiograph",Flippered,(Almost) Fully Aquatic,"Reid 2006 (Cetacea: p. 510); Chivers 2008: Cetaceans are fully aquatic mammals, bearing their young and spending their entirely lives in the water.",Flippered,Flippered,"All crown cetaceans were scored as having fully flippered forelimbs, following Cooper 2008 Encyclopedia of Marine Mammals entries on limb anatomy. This was supported by direct observation of fluid-preserved specimens AMNH_202413 (Megaptera_novaeangliae), AMNH_239112 (Stenella_frontalis), AMNH_200667 (Monodon_monoceros), and the assessment of soft-tissue outlines from all sampled USNM radiographs.",5,3.310913287,PENDING,0,PENDING,Extant
Lagenorhynchus_acutus_NMNH_USNM_504156.jpg,USNM 504156,Lagenorhynchus_acutus,Mammalia,Ungulata,"Recent, radiograph",Flippered,(Almost) Fully Aquatic,"Reid 2006 (Cetacea: p. 510); Chivers 2008: Cetaceans are fully aquatic mammals, bearing their young and spending their entirely lives in the water.",Flippered,Flippered,"All crown cetaceans were scored as having fully flippered forelimbs, following Cooper 2008 Encyclopedia of Marine Mammals entries on limb anatomy. This was supported by direct observation of fluid-preserved specimens AMNH_202413 (Megaptera_novaeangliae), AMNH_239112 (Stenella_frontalis), AMNH_200667 (Monodon_monoceros), and the assessment of soft-tissue outlines from all sampled USNM radiographs.",5,3.252299606,PENDING,0,PENDING,Extant
Lagenorhynchus_acutus_NMNH_USNM_504162.jpg,USNM 504162,Lagenorhynchus_acutus,Mammalia,Ungulata,"Recent, radiograph",Flippered,(Almost) Fully Aquatic,"Reid 2006 (Cetacea: p. 510); Chivers 2008: Cetaceans are fully aquatic mammals, bearing their young and spending their entirely lives in the water.",Flippered,Flippered,"All crown cetaceans were scored as having fully flippered forelimbs, following Cooper 2008 Encyclopedia of Marine Mammals entries on limb anatomy. This was supported by direct observation of fluid-preserved specimens AMNH_202413 (Megaptera_novaeangliae), AMNH_239112 (Stenella_frontalis), AMNH_200667 (Monodon_monoceros), and the assessment of soft-tissue outlines from all sampled USNM radiographs.",5,3.283572143,PENDING,0,PENDING,Extant
Lagenorhynchus_acutus_NMNH_USNM_571326_right.jpg,USNM 571326,Lagenorhynchus_acutus,Mammalia,Ungulata,"Recent, radiograph",Flippered,(Almost) Fully Aquatic,"Reid 2006 (Cetacea: p. 510); Chivers 2008: Cetaceans are fully aquatic mammals, bearing their young and spending their entirely lives in the water.",Flippered,Flippered,"All crown cetaceans were scored as having fully flippered forelimbs, following Cooper 2008 Encyclopedia of Marine Mammals entries on limb anatomy. This was supported by direct observation of fluid-preserved specimens AMNH_202413 (Megaptera_novaeangliae), AMNH_239112 (Stenella_frontalis), AMNH_200667 (Monodon_monoceros), and the assessment of soft-tissue outlines from all sampled USNM radiographs.",5,3.18490566,PENDING,0,PENDING,Extant
Lagenorhynchus_acutus_NMNH_USNM_571389.jpg,USNM 571389,Lagenorhynchus_acutus,Mammalia,Ungulata,"Recent, radiograph",Flippered,(Almost) Fully Aquatic,"Reid 2006 (Cetacea: p. 510); Chivers 2008: Cetaceans are fully aquatic mammals, bearing their young and spending their entirely lives in the water.",Flippered,Flippered,"All crown cetaceans were scored as having fully flippered forelimbs, following Cooper 2008 Encyclopedia of Marine Mammals entries on limb anatomy. This was supported by direct observation of fluid-preserved specimens AMNH_202413 (Megaptera_novaeangliae), AMNH_239112 (Stenella_frontalis), AMNH_200667 (Monodon_monoceros), and the assessment of soft-tissue outlines from all sampled USNM radiographs.",5,3.512635379,PENDING,0,PENDING,Extant
Lagenorhynchus_obliquidens_NMNH-USNM_504412.jpg,USNM 504412,Lagenorhynchus_obliquidens,Mammalia,Ungulata,"Recent, radiograph",Flippered,(Almost) Fully Aquatic,"Reid 2006 (Cetacea: p. 510); Chivers 2008: Cetaceans are fully aquatic mammals, bearing their young and spending their entirely lives in the water.",Flippered,Flippered,"All crown cetaceans were scored as having fully flippered forelimbs, following Cooper 2008 Encyclopedia of Marine Mammals entries on limb anatomy. This was supported by direct observation of fluid-preserved specimens AMNH_202413 (Megaptera_novaeangliae), AMNH_239112 (Stenella_frontalis), AMNH_200667 (Monodon_monoceros), and the assessment of soft-tissue outlines from all sampled USNM radiographs.",5,2.849814762,PENDING,0,PENDING,Extant
Langobardisaurus_pandolfi__MFSN_1921.tiff,MFSN 1921,Langobardisaurus_pandolfi,Reptilia,Archosauromorpha,"Fossil, original",Non-flippered,Data Deficient,"Renesto 1994 describes this species as a terrestrial insectivore, but Renesto and Dalla Veccia (2000) suggest that it may have had a partially aquatic diet, so the ecotype of this species remains unclear. ",NA,NA,NA,NA,0.560434139,215.56,205.6,PBDB (https://paleobiodb.org/classic/checkTaxonInfo?taxon_no=176500&is_real_user=1),NA
Lissodelphis_borealis_NMNH_USNM_550071.jpg,USNM 550071,Lissodelphis_borealis,Mammalia,Ungulata,"Recent, radiograph",Flippered,(Almost) Fully Aquatic,"Reid 2006 (Cetacea: p. 510); Chivers 2008: Cetaceans are fully aquatic mammals, bearing their young and spending their entirely lives in the water.",Flippered,Flippered,"All crown cetaceans were scored as having fully flippered forelimbs, following Cooper 2008 Encyclopedia of Marine Mammals entries on limb anatomy. This was supported by direct observation of fluid-preserved specimens AMNH_202413 (Megaptera_novaeangliae), AMNH_239112 (Stenella_frontalis), AMNH_200667 (Monodon_monoceros), and the assessment of soft-tissue outlines from all sampled USNM radiographs.",5,1.93003096,PENDING,0,PENDING,Extant
Lissodelphis_borealis_NMNH_USNM_571322.jpg,USNM 571322,Lissodelphis_borealis,Mammalia,Ungulata,"Recent, radiograph",Flippered,(Almost) Fully Aquatic,"Reid 2006 (Cetacea: p. 510); Chivers 2008: Cetaceans are fully aquatic mammals, bearing their young and spending their entirely lives in the water.",Flippered,Flippered,"All crown cetaceans were scored as having fully flippered forelimbs, following Cooper 2008 Encyclopedia of Marine Mammals entries on limb anatomy. This was supported by direct observation of fluid-preserved specimens AMNH_202413 (Megaptera_novaeangliae), AMNH_239112 (Stenella_frontalis), AMNH_200667 (Monodon_monoceros), and the assessment of soft-tissue outlines from all sampled USNM radiographs.",5,2.172447326,PENDING,0,PENDING,Extant
Lophiomys_imhausi__AMNH_147455__autopods_DV,AMNH 147455,Lophiomys_imhausi,Mammalia,Euarchontoglires,Recent,Non-flippered,Terrestrial,Schlitter 2016: This species occupies terrestrial (and often arid) environments. We find no reference to aquatic habits.,Unwebbed,Unwebbed,Skin specimens AMNH_54008 and AMNH_33331,1,0.6048281,PENDING,0,PENDING,Extant
Lutra_sp__AMNH_201214__forelimb_autopods_DV,AMNH 201214,Lutra_sp,Mammalia,Ferae,Recent,Non-flippered,Moderately Aquatic,"Although primarily aquatic, Lutra spp. spend extensive time out of the water and occasionally make extended overland journeys between water courses (Carss 1995; Janice and Giere 2010; Sasaki et al. 2021; Loy et al. 2022). As a result, we consider them Moderately Aquatic.",Webbed,Webbed,Lutra spp. scorings based on fluid-preserved specimen AMNH_202460,3,0.9906029,PENDING,0,PENDING,Extant
Macropus_rufus__YPM_MAM_00750.JPG,YPM MAM 007506,Macropus_rufus,Mammalia,Non-placentals,"Recent, original skeleton",Non-flippered,Terrestrial,Ellis et al. 2016: This species inhabits arid or semi-arid environments. We find no reference to aquatic habits.,Unwebbed,Unwebbed,"Skin specimens YPM MAM 31 (Macropus eugenii): palm girth but no webbing; YPM MAM 04100 (Macropus eugenii): no webbing; YPM MAM 32 (Macropus canguru/giganteus: clearly unwebbed. No Macropus Rufus skin specimens available, so scoring of M. rufus is tentative, based solely on webbing phenotype of congeners.",1,0.250495366,PENDING,0,PENDING,Extant
Manis_tricuspis__YPM_MAM_11614_HumZeug_best2.JPG,YPM MAM 11614,Phataginus_tricuspis,Mammalia,Ferae,"Recent, original skeleton",Non-flippered,Data Deficient,"This predominantly arboreal species resides near water courses (Pietersen et al. 2019) and is apparently a good swimmer (Jansen et al. 2020). However, while swimming is more common in some other pangolin species, like Phataginus tetradactyla (Gudehus et al. 2020) and Smutsia gigantea (de Heusch et al. 1993), one non-biological report suggests that P. tricuspis seldom enters the water (de Heusch et al. 1993). In the absence of additional natural history data to clarify this claim, we cannot resolve whether the species is Transiently Aquatic or Terrestrial.",Unwebbed,Unwebbed,"Skin specimen of Phataginus tricuspis was missing legs, so we based the webbing phenotype of this species on the closely related skin specimen YPM_04415 (Manis_tetradactyla), whose hands and feet were both unwebbed.",1,0.608403361,PENDING,0,PENDING,Extant
Mesoplodon_europaeus_NMNH_USNM_571377.jpg,USNM 571377,Mesoplodon_europaeus,Mammalia,Ungulata,"Recent, radiograph",Flippered,(Almost) Fully Aquatic,"Reid 2006 (Cetacea: p. 510); Chivers 2008: Cetaceans are fully aquatic mammals, bearing their young and spending their entirely lives in the water.",Flippered,Flippered,"All crown cetaceans were scored as having fully flippered forelimbs, following Cooper 2008 Encyclopedia of Marine Mammals entries on limb anatomy. This was supported by direct observation of fluid-preserved specimens AMNH_202413 (Megaptera_novaeangliae), AMNH_239112 (Stenella_frontalis), AMNH_200667 (Monodon_monoceros), and the assessment of soft-tissue outlines from all sampled USNM radiographs.",5,1.00133833,PENDING,0,PENDING,Extant
Micoureus_demerarae__YPM_MAM_006784_planform_zeug,YPM MAM 006784,Micoureus_demerarae,Mammalia,Non-placentals,"Recent, original skeleton",Non-flippered,Terrestrial,Brito et al. 2021: This arboreal species spends the majority of its time in trees and the rest of its time on the ground. We find no reference to aquatic habits.,"Unclear, terr.","Unclear, terr.","No zoological specimens were available for us to examine. As a result, its webbing phenotype remains ambiguous.",NA,0.491818391,PENDING,0,PENDING,Extant
Moloch_horridus__YPM_R_10619__forelimb_DV.JPG,YPM HERR 10619,Moloch_horridus,Reptilia,Lepidosauromorpha,Recent,Non-flippered,Terrestrial,Doughty et al. 2017,Unwebbed,Unwebbed,,1,0.470379567,PENDING,0,PENDING,Extant
Monodon_monoceros_YPM_MAM_013636,YPM MAM 013636,Monodon_monoceros,Mammalia,Ungulata,"Recent, mounted",Flippered,(Almost) Fully Aquatic,"Reid 2006 (Cetacea: p. 510); Chivers 2008: Cetaceans are fully aquatic mammals, bearing their young and spending their entirely lives in the water.",Flippered,Flippered,"All crown cetaceans were scored as having fully flippered forelimbs, following Cooper 2008 Encyclopedia of Marine Mammals entries on limb anatomy. This was supported by direct observation of fluid-preserved specimens AMNH_202413 (Megaptera_novaeangliae), AMNH_239112 (Stenella_frontalis), AMNH_200667 (Monodon_monoceros), and the assessment of soft-tissue outlines from all sampled USNM radiographs.",5,1.42976373120589,PENDING,0,PENDING,Extant
Muraenosaurus_sp__NHM_PV_R_2864__forelimb__pic2,NHM PV R 2864,Muraenosaurus_sp,Reptilia,Euryapsida,"Fossil, original",Flippered,(Almost) Fully Aquatic,"It is typically assumed that all the fully flippered viviparous marine reptiles of the Mesozoic (e.g., ichthyosaurs, plesiosaurs, and mosasaurs) could not travel on land, or seldom did so without great difficulty. For explicit allusions to this view, see Romer and Parsons 1949, p. 73; Thewissen and Taylor 2007; Griebeler and Klein 2019. Under this plausible assumption, we classify all ichthyosaurs, plesiosaurs, and mosasaurs as “(Almost) Fully Aquatic.”",Flippered,Flippered,"Plesiosaurs are commonly described as having fully flippered fore- and hindlimbs (eg, Ketchum and Benson 2010; Gutarra and Rahman 2021). Even when these limbs are described as “flipperlike” (Robinson 1975) or “paddle-like” (Caldwell 2002), they are treated as archetypal flippers.",5,6.92,PENDING,PENDING,PENDING,PENDING
Mustela_putorius__AMNH_200805__autopods_DV,AMNH 200805,Mustela_putorius,Mammalia,Ferae,Recent,Non-flippered,Transiently Aquatic,"The aquatic affinity of the European Polecat is a little unclear (Blandford 1987). Some sources report that it avoids and refrains from entering water, while others highlight its great swimming ability and high affinity for water (reviewed in Blandford 1987). These reports suggest intraspecific and perhaps geographic variation in polecat habitat preferences (Blandford 1987). Because there are nevertheless reports of these animals readily traversing water and consuming some aquatic prey (Blandford 1987), we consider the species Transiently Aquatic.",Unwebbed,Webbed,"Skin specimens AMNH_243106, AMNH_36632, and YPM_01479: possible slight webbing between pD3 and pD4, but very difficult to tell.",1,0.8511948,PENDING,0,PENDING,Extant
Neusticosaurus_peyeri_T5851,PIMUZ T5851,Neusticosaurus_peyeri,Reptilia,Euryapsida,"Fossil, original",Ambiguous,Data Deficient,"Although viviparity (which permits a Fully Aquatic lifestyle in many modern amniotes) has been demonstrated in at least one species of pachypleurosaurs (Cheng et al. 2004), and suggested in some species of nothosauroids (Renesto et al. 2003; Griebeler and Klein 2019), these eosauropterygians retain jointed limbs that may have been able to amble onto land for short periods—it remains unclear to what degree (Renesto et al. 2003; Griebeler and Klein 2019). As a result, while they were clearly adapted to spend most of their time in the water, we cannot resolve whether they were Highly Aquatic or Fully/Near-Fully Aquatic.","Unclear, aquat.","Unclear, aquat.",NA,NA,0.895558223,242,235,PBDB (https://paleobiodb.org/classic/checkTaxonInfo?taxon_no=373037&is_real_user=1),NA
Ochotona_collaris__YPM_MAM_14834_planform,YPM MAM 14834,Ochotona_collaris,Mammalia,Euarchontoglires,"Recent, original skeleton",Non-flippered,Terrestrial,MacDonald and Jones 1987; Reid 2006 (Collared Pika: pp. 341–342): We find no reference to aquatic habits in this species.,Unwebbed,Unwebbed,Skin specimen YPM_14833: hands and feet unwebbed,1,0.519508515,PENDING,0,PENDING,Extant
Odobenus_rosmarus__AMNH_70099__forelimb_autopod_DV,AMNH 70099,Odobenus_rosmarus,Mammalia,Ferae,Recent,Flippered,Highly Aquatic,"Fay 1982; Reid 2006, pp. 475–476, Walrus: Though they spend the majority (a ball-parked “two-thirds”) of their time in the water (Fay 1982), walruses also frequently haul out onto land to court mates, rest, bask, and give birth. They have limited terrestrial mobility, hunting and mating almost exclusively in the water. ",Flippered,Flippered,"All pinnipeds were scored as having fully flippered fore- and hindlimbs, following Cooper 2008, Encyclopedia of Marine Mammals entries on limb anatomy. This scoring was supported by direct observation of Zalophus and Phoca specimens (YPM 03329: Phoca vitulina concolor, skin; AMNH 201648: Zalophus californianus, fluid-preserved).",5,0.95,PENDING,0,PENDING,Extant
Peponocephala_electra__NMNH_CJH007_img1.jpg,USNM CJH007,Peponocephala_electra,Mammalia,Ungulata,"Recent, radiograph",Flippered,(Almost) Fully Aquatic,"Reid 2006 (Cetacea: p. 510); Chivers 2008: Cetaceans are fully aquatic mammals, bearing their young and spending their entirely lives in the water.",Flippered,Flippered,"All crown cetaceans were scored as having fully flippered forelimbs, following Cooper 2008 Encyclopedia of Marine Mammals entries on limb anatomy. This was supported by direct observation of fluid-preserved specimens AMNH_202413 (Megaptera_novaeangliae), AMNH_239112 (Stenella_frontalis), AMNH_200667 (Monodon_monoceros), and the assessment of soft-tissue outlines from all sampled USNM radiographs.",5,3.022315202,PENDING,0,PENDING,Extant
Phoca_groenlandica__AMNH_180016__forelimb_zeugoautopod_DV,AMNH 180016,Phoca_groenlandica,Mammalia,Ferae,Recent,Flippered,Highly Aquatic,"Berta 2008; Bowen 2008: Pinnipeds are highly adapted to aquatic life, and spend most of their time in the water. They are active swimmers and dive to forage for their exclusively aquatic prey. However, they also routinely haul onto land to rest, bask, and (in some species more than others) court and breed. As a result, we consider all pinnipeds Highly Aquatic.",Flippered,Flippered,"All pinnipeds were scored as having fully flippered fore- and hindlimbs (following Cooper 2008, Encyclopedia of Marine Mammals entries on limb anatomy). This scoring was supported by direct observation of Zalophus and Phoca specimens (YPM 03329: Phoca vitulina concolor, skin; AMNH 201648: Zalophus californianus, fluid-preserved).",5,NA,PENDING,0,PENDING,Extant
Phoca_hispida__AMNH_73306__forelimb_zeugoautopods_DV,AMNH 73306,Phoca_hispida,Mammalia,Ferae,Recent,Flippered,Highly Aquatic,"Berta 2008; Bowen 2008: Pinnipeds are highly adapted to aquatic life, and spend most of their time in the water. They are active swimmers and dive to forage for their exclusively aquatic prey. However, they also routinely haul onto land to rest, bask, and (in some species more than others) court and breed. As a result, we consider all pinnipeds Highly Aquatic.",Flippered,Flippered,"All pinnipeds were scored as having fully flippered fore- and hindlimbs, following Cooper 2008, Encyclopedia of Marine Mammals entries on limb anatomy. This scoring was supported by direct observation of Zalophus and Phoca specimens (YPM 03329: Phoca vitulina concolor, skin; AMNH 201648: Zalophus californianus, fluid-preserved).",5,0.9087189,PENDING,0,PENDING,Extant
Phoca_hispida__AMNH_75250__forelimb_autopod_DV,AMNH 75250,Phoca_hispida,Mammalia,Ferae,Recent,Flippered,Highly Aquatic,"Berta 2008; Bowen 2008: Pinnipeds are highly adapted to aquatic life, and spend most of their time in the water. They are active swimmers and dive to forage for their exclusively aquatic prey. However, they also routinely haul onto land to rest, bask, and (in some species more than others) court and breed. As a result, we consider all pinnipeds Highly Aquatic.",Flippered,Flippered,"All pinnipeds were scored as having fully flippered fore- and hindlimbs, following Cooper 2008, Encyclopedia of Marine Mammals entries on limb anatomy. This scoring was supported by direct observation of Zalophus and Phoca specimens (YPM 03329: Phoca vitulina concolor, skin; AMNH 201648: Zalophus californianus, fluid-preserved).",5,1.0037237,PENDING,0,PENDING,Extant
Phoca_vitulina__AMNH_77933__forelimb_zeugoautopod_DV,AMNH 77933,Phoca_vitulina,Mammalia,Ferae,Recent,Flippered,Highly Aquatic,"Berta 2008; Bowen 2008: Pinnipeds are highly adapted to aquatic life, and spend most of their time in the water. They are active swimmers and dive to forage for their exclusively aquatic prey. However, they also routinely haul onto land to rest, bask, and (in some species more than others) court and breed. As a result, we consider all pinnipeds Highly Aquatic.",Flippered,Flippered,"All pinnipeds were scored as having fully flippered fore- and hindlimbs, following Cooper 2008, Encyclopedia of Marine Mammals entries on limb anatomy. This scoring was supported by direct observation of Zalophus and Phoca specimens (YPM 03329: Phoca vitulina concolor, skin; AMNH 201648: Zalophus californianus, fluid-preserved).",5,0.7735321,PENDING,0,PENDING,Extant
Phoca_vitulina_concolor__AMNH_80195__forelimb_autopod_DV,AMNH 80195,Phoca_vitulina_concolor,Mammalia,Ferae,Recent,Flippered,Highly Aquatic,"Berta 2008; Bowen 2008: Pinnipeds are highly adapted to aquatic life, and spend most of their time in the water. They are active swimmers and dive to forage for their exclusively aquatic prey. However, they also routinely haul onto land to rest, bask, and (in some species more than others) court and breed. As a result, we consider all pinnipeds Highly Aquatic.",Flippered,Flippered,"All pinnipeds were scored as having fully flippered fore- and hindlimbs, following Cooper 2008, Encyclopedia of Marine Mammals entries on limb anatomy. This scoring was supported by direct observation of Zalophus and Phoca specimens (YPM 03329: Phoca vitulina concolor, skin; AMNH 201648: Zalophus californianus, fluid-preserved).",5,0.9943315,PENDING,0,PENDING,Extant
Phocoena_phocoena_NMNH-USNM_550042.jpg,USNM 550042,Phocoena_phocoena,Mammalia,Ungulata,"Recent, radiograph",Flippered,(Almost) Fully Aquatic,"Reid 2006 (Cetacea: p. 510); Chivers 2008: Cetaceans are fully aquatic mammals, bearing their young and spending their entirely lives in the water.",Flippered,Flippered,"All crown cetaceans were scored as having fully flippered forelimbs, following Cooper 2008 Encyclopedia of Marine Mammals entries on limb anatomy. This was supported by direct observation of fluid-preserved specimens AMNH_202413 (Megaptera_novaeangliae), AMNH_239112 (Stenella_frontalis), AMNH_200667 (Monodon_monoceros), and the assessment of soft-tissue outlines from all sampled USNM radiographs.",5,1.803969218,PENDING,0,PENDING,Extant
Phocoena_phocoena_NMNH-USNM_550312.jpg,USNM 550312,Phocoena_phocoena,Mammalia,Ungulata,"Recent, radiograph",Flippered,(Almost) Fully Aquatic,"Reid 2006 (Cetacea: p. 510); Chivers 2008: Cetaceans are fully aquatic mammals, bearing their young and spending their entirely lives in the water.",Flippered,Flippered,"All crown cetaceans were scored as having fully flippered forelimbs, following Cooper 2008 Encyclopedia of Marine Mammals entries on limb anatomy. This was supported by direct observation of fluid-preserved specimens AMNH_202413 (Megaptera_novaeangliae), AMNH_239112 (Stenella_frontalis), AMNH_200667 (Monodon_monoceros), and the assessment of soft-tissue outlines from all sampled USNM radiographs.",5,PENDING,PENDING,0,PENDING,Extant
Phocoenoides_dalli__SDSNH_20270.JPG,SDSNH 20270,Phocoenoides_dalli,Mammalia,Ungulata,"Recent, original skeleton",Flippered,(Almost) Fully Aquatic,"Reid 2006 (Cetacea: p. 510); Chivers 2008: Cetaceans are fully aquatic mammals, bearing their young and spending their entirely lives in the water.",Flippered,Flippered,"All crown cetaceans were scored as having fully flippered forelimbs, following Cooper 2008 Encyclopedia of Marine Mammals entries on limb anatomy. This was supported by direct observation of fluid-preserved specimens AMNH_202413 (Megaptera_novaeangliae), AMNH_239112 (Stenella_frontalis), AMNH_200667 (Monodon_monoceros), and the assessment of soft-tissue outlines from all sampled USNM radiographs.",5,2.021052632,PENDING,0,PENDING,Extant
Phocoenoides_dalli_NMNH-USNM_504417_Radiograph_001.jpg,USNM 504417,Phocoenoides_dalli,Mammalia,Ungulata,"Recent, radiograph",Flippered,(Almost) Fully Aquatic,"Reid 2006 (Cetacea: p. 510); Chivers 2008: Cetaceans are fully aquatic mammals, bearing their young and spending their entirely lives in the water.",Flippered,Flippered,"All crown cetaceans were scored as having fully flippered forelimbs, following Cooper 2008 Encyclopedia of Marine Mammals entries on limb anatomy. This was supported by direct observation of fluid-preserved specimens AMNH_202413 (Megaptera_novaeangliae), AMNH_239112 (Stenella_frontalis), AMNH_200667 (Monodon_monoceros), and the assessment of soft-tissue outlines from all sampled USNM radiographs.",5,2.096964205,PENDING,0,PENDING,Extant
Physignathus_leseurii__YPM_R_11121__forelimb_DV.JPG,YPM HERR 11121,Physignathus_lesueurii,Reptilia,Lepidosauromorpha,Recent,Non-flippered,Moderately Aquatic,"Ringma and Salisbury 2014, p. 240: Although it spends a lot of its time on land, P. lesueurii regularly traverses and feeds within the water.",Unwebbed,Unwebbed,Ringma and Salisbury 2014,1,0.982030338,PENDING,0,PENDING,Extant
Physignathus_lesuerii__YPM_R_16671,YPM HERR 16779,Physignathus_lesueurii,Reptilia,Lepidosauromorpha,Recent,Non-flippered,Moderately Aquatic,"Ringma and Salisbury 2014, p. 240: Although it spends a lot of its time on land, P. lesueurii regularly traverses and feeds within the water.",Unwebbed,Unwebbed,Ringma and Salisbury 2014,1,1.003444712,PENDING,0,PENDING,Extant
Platecarpus_sp__YPM_VP_884,YPM 884,Platecarpus_sp,Reptilia,Lepidosauromorpha,"Fossil, original",Flippered,(Almost) Fully Aquatic,"It is typically assumed that all the fully flippered viviparous marine reptiles of the Mesozoic (e.g., ichthyosaurs, plesiosaurs, and mosasaurs) could not travel on land, or seldom did so without great difficulty. For explicit allusions to this view, see Romer and Parsons 1949, p. 73; Thewissen and Taylor 2007; Griebeler and Klein 2019. Under this plausible assumption, we classify all ichthyosaurs, plesiosaurs, and mosasaurs as “(Almost) Fully Aquatic.”",Flippered,Flippered,"Mosasaurs are typically described as having flippers (eg, Caldwell 2002; Lindgren et al. 2013). Even when these limbs are described as “paddle-like” (Caldwell 2002), they are treated as archetypal flippers or paddles. ",5,4.354780355,100.5,66.0,PBDB (https://paleobiodb.org/classic/checkTaxonInfo?taxon_no=36406&is_real_user=1),Only those entries for Platecarpus species were used to determine this range.
Platecarpus_tympaniticus__FHSM_VP_322,FHSM VP 322,Platecarpus_tympaniticus,Reptilia,Lepidosauromorpha,"Fossil, original",Flippered,(Almost) Fully Aquatic,"It is typically assumed that all the fully flippered viviparous marine reptiles of the Mesozoic (e.g., ichthyosaurs, plesiosaurs, and mosasaurs) could not travel on land, or seldom did so without great difficulty. For explicit allusions to this view, see Romer and Parsons 1949, p. 73; Thewissen and Taylor 2007; Griebeler and Klein 2019. Under this plausible assumption, we classify all ichthyosaurs, plesiosaurs, and mosasaurs as “(Almost) Fully Aquatic.”",Flippered,Flippered,"Mosasaurs are typically described as having flippers (eg, Caldwell 2002; Lindgren et al. 2013). Even when these limbs are described as “paddle-like” (Caldwell 2002), they are treated as archetypal flippers or paddles. ",5,5.16538984,85.8,70.6,PBDB (https://paleobiodb.org/classic/checkTaxonInfo?taxon_no=128886&is_real_user=1),Only those entries for Platecarpus tympaniticus were used to determine this range.
Pleurosaur_sp__1951_91a,JME 1951/91A,Pleurosauridae_sp,Reptilia,Lepidosauromorpha,"Fossil, original",Ambiguous,Data Deficient,"Pleurosaurs are highly adapted for an aquatic lifestyle (Dupret 2004; Jones 2008; Bever and Norell 2017). The extreme reduction of the limbs and elongation of the body cast doubt on their ability to travel on land for extended periods. However, we have no data to resolve whether pleurosaurs were Highly or Fully/Near-Fully Aquatic, so their ecotype remains ambiguous.","Unclear, aquat.","Unclear, aquat.",NA,NA,1.396569539,183,145,PBDB (https://paleobiodb.org/classic/checkTaxonInfo?taxon_no=37831&is_real_user=1),NA
Pleurosaurus_ginsburgi__JME_MOE_170,JME MOE 170,Pleurosaurus_ginsburgi,Reptilia,Lepidosauromorpha,"Fossil, original",Ambiguous,Data Deficient,"Pleurosaurs are highly adapted for an aquatic lifestyle (Dupret 2004; Jones 2008; Bever and Norell 2017). The extreme reduction of the limbs and elongation of the body cast doubt on their ability to travel on land for extended periods. However, we have no data to resolve whether pleurosaurs were Highly or Fully/Near-Fully Aquatic, so their ecotype remains ambiguous.","Unclear, aquat.","Unclear, aquat.",NA,NA,1.311956792,150.8,145,PBDB (https://paleobiodb.org/classic/checkTaxonInfo?taxon_no=335598&is_real_user=1),NA
Pontoporia_blainvillei_NMNH_USNM_501169.jpg,USNM 501169,Pontoporia_blainvillei,Mammalia,Ungulata,"Recent, radiograph",Flippered,(Almost) Fully Aquatic,"Reid 2006 (Cetacea: p. 510); Chivers 2008: Cetaceans are fully aquatic mammals, bearing their young and spending their entirely lives in the water.",Flippered,Flippered,"All crown cetaceans were scored as having fully flippered forelimbs, following Cooper 2008 Encyclopedia of Marine Mammals entries on limb anatomy. This was supported by direct observation of fluid-preserved specimens AMNH_202413 (Megaptera_novaeangliae), AMNH_239112 (Stenella_frontalis), AMNH_200667 (Monodon_monoceros), and the assessment of soft-tissue outlines from all sampled USNM radiographs.",5,2.269158879,PENDING,0,PENDING,Extant
Pontoporia_blainvillei_NMNH_USNM_501176.jpg,USNM 501176,Pontoporia_blainvillei,Mammalia,Ungulata,"Recent, radiograph",Flippered,(Almost) Fully Aquatic,"Reid 2006 (Cetacea: p. 510); Chivers 2008: Cetaceans are fully aquatic mammals, bearing their young and spending their entirely lives in the water.",Flippered,Flippered,"All crown cetaceans were scored as having fully flippered forelimbs, following Cooper 2008 Encyclopedia of Marine Mammals entries on limb anatomy. This was supported by direct observation of fluid-preserved specimens AMNH_202413 (Megaptera_novaeangliae), AMNH_239112 (Stenella_frontalis), AMNH_200667 (Monodon_monoceros), and the assessment of soft-tissue outlines from all sampled USNM radiographs.",5,2.156540777,PENDING,0,PENDING,Extant
Ptychozoon_lionatum__YPM_HERR_014447,YPM HERR 14447,Ptychozoon_lionotum,Reptilia,Lepidosauromorpha,"Recent, CT scan",Non-flippered,Terrestrial,"The majority of gekkonid species typically dwell on rocks, in trees, or on/under terrestrial substrates (Vitt and Caldwell 2014, p. 562: Gekkonidae). Researchers have reported a transiently aquatic lifestyle in just one gekkonid species: Hemidactylus platyurus, which has been observed to commonly employ a unique swimming gait to travel between trees (Nirody et al. 2018). However, to our knowledge, no comparable forays into water have been described for Ptychozoon spp. Though Ptychozoon lionotum inhabits moist tropical forest lowlands, it is considered terrestrial by the IUCN (Sumontha et al. 2008).",Webbed,Webbed,Fluid-preserved specimen YPM_R_14447,4,1.362108687,PENDING,0,PENDING,Extant
Saniwa_ensidens__FMNH_PR2378,FMNH PR2378,Saniwa_ensidens,Reptilia,Lepidosauromorpha,"Fossil, original",Non-flippered,Data Deficient,"It remains disputed whether and to what extent Saniwa was semi-aquatic (Rieppel and Grande 2007, and references therein).",NA,NA,NA,NA,1.181036154,55.8,46.2,PBDB (https://paleobiodb.org/classic/checkTaxonInfo?taxon_no=67591&is_real_user=1),Only those entries for Saniwa ensidens were used to determine this range.
Shinisaurus_crocodilurus__YPM_R_19712.JPG,YPM HERR 19712,Shinisaurus_crocodilurus,Reptilia,Lepidosauromorpha,Recent,Non-flippered,Moderately Aquatic,"Vitt and Caldwell 2014, p. 581: Shinisauridae: Each day/night cycle, Shinisaurus crocodilurus spends considerable time both on land and in water.",Unwebbed,Unwebbed,PENDING,1,PENDING,PENDING,0,PENDING,Extant
Sphenodon_punctatus_YPM_R_11432.JPG,YPM HERR 11432,Sphenodon_punctatus,Reptilia,Lepidosauromorpha,Recent,Non-flippered,Terrestrial,"Jones and Cree 2012; Vitt and Caldwell 2014, pp. 553–554: Rhynchocephalians. Although most modern tuataras live on small coastal islands, they spend the vast majority of their time basking, hunting, or hanging out in their burrows on land, without typically venturing into the water.",Unwebbed,Unwebbed,PENDING,1,1.160636758,PENDING,0,PENDING,Extant
Stenella_attenuata_NMNH_USNM_550016.jpg,USNM 550016,Stenella_attenuata,Mammalia,Ungulata,"Recent, radiograph",Flippered,(Almost) Fully Aquatic,"Reid 2006 (Cetacea: p. 510); Chivers 2008: Cetaceans are fully aquatic mammals, bearing their young and spending their entirely lives in the water.",Flippered,Flippered,"All crown cetaceans were scored as having fully flippered forelimbs, following Cooper 2008 Encyclopedia of Marine Mammals entries on limb anatomy. This was supported by direct observation of fluid-preserved specimens AMNH_202413 (Megaptera_novaeangliae), AMNH_239112 (Stenella_frontalis), AMNH_200667 (Monodon_monoceros), and the assessment of soft-tissue outlines from all sampled USNM radiographs.",5,2.970890411,PENDING,0,PENDING,Extant
Stenella_attenuata_NMNH_USNM_550017.jpg,USNM 550017,Stenella_attenuata,Mammalia,Ungulata,"Recent, radiograph",Flippered,(Almost) Fully Aquatic,"Reid 2006 (Cetacea: p. 510); Chivers 2008: Cetaceans are fully aquatic mammals, bearing their young and spending their entirely lives in the water.",Flippered,Flippered,"All crown cetaceans were scored as having fully flippered forelimbs, following Cooper 2008 Encyclopedia of Marine Mammals entries on limb anatomy. This was supported by direct observation of fluid-preserved specimens AMNH_202413 (Megaptera_novaeangliae), AMNH_239112 (Stenella_frontalis), AMNH_200667 (Monodon_monoceros), and the assessment of soft-tissue outlines from all sampled USNM radiographs.",5,2.6625387,PENDING,0,PENDING,Extant
Stenella_coeruleoalba_NMNH_13-SCO_left.jpg,USNM 13-SCO,Stenella_coeruleoalba,Mammalia,Ungulata,"Recent, radiograph",Flippered,(Almost) Fully Aquatic,"Reid 2006 (Cetacea: p. 510); Chivers 2008: Cetaceans are fully aquatic mammals, bearing their young and spending their entirely lives in the water.",Flippered,Flippered,"All crown cetaceans were scored as having fully flippered forelimbs, following Cooper 2008 Encyclopedia of Marine Mammals entries on limb anatomy. This was supported by direct observation of fluid-preserved specimens AMNH_202413 (Megaptera_novaeangliae), AMNH_239112 (Stenella_frontalis), AMNH_200667 (Monodon_monoceros), and the assessment of soft-tissue outlines from all sampled USNM radiographs.",5,2.618860511,PENDING,0,PENDING,Extant
Stenella_coeruleoalba_NMNH_USNM_500841.jpg,USNM 500841,Stenella_coeruleoalba,Mammalia,Ungulata,"Recent, radiograph",Flippered,(Almost) Fully Aquatic,"Reid 2006 (Cetacea: p. 510); Chivers 2008: Cetaceans are fully aquatic mammals, bearing their young and spending their entirely lives in the water.",Flippered,Flippered,"All crown cetaceans were scored as having fully flippered forelimbs, following Cooper 2008 Encyclopedia of Marine Mammals entries on limb anatomy. This was supported by direct observation of fluid-preserved specimens AMNH_202413 (Megaptera_novaeangliae), AMNH_239112 (Stenella_frontalis), AMNH_200667 (Monodon_monoceros), and the assessment of soft-tissue outlines from all sampled USNM radiographs.",5,2.279601623,PENDING,0,PENDING,Extant
Stenella_frontalis_NMNH-USNM_500858.jpg,USNM 500858,Stenella_frontalis,Mammalia,Ungulata,"Recent, radiograph",Flippered,(Almost) Fully Aquatic,"Reid 2006 (Cetacea: p. 510); Chivers 2008: Cetaceans are fully aquatic mammals, bearing their young and spending their entirely lives in the water.",Flippered,Flippered,"All crown cetaceans were scored as having fully flippered forelimbs, following Cooper 2008 Encyclopedia of Marine Mammals entries on limb anatomy. This was supported by direct observation of fluid-preserved specimens AMNH_202413 (Megaptera_novaeangliae), AMNH_239112 (Stenella_frontalis), AMNH_200667 (Monodon_monoceros), and the assessment of soft-tissue outlines from all sampled USNM radiographs.",5,2.738120014,PENDING,0,PENDING,Extant
Steno_bredanensis_NMNH_USNM_550221.jpg,USNM 550221,Steno_bredanensis,Mammalia,Ungulata,"Recent, radiograph",Flippered,(Almost) Fully Aquatic,"Reid 2006 (Cetacea: p. 510); Chivers 2008: Cetaceans are fully aquatic mammals, bearing their young and spending their entirely lives in the water.",Flippered,Flippered,"All crown cetaceans were scored as having fully flippered forelimbs, following Cooper 2008 Encyclopedia of Marine Mammals entries on limb anatomy. This was supported by direct observation of fluid-preserved specimens AMNH_202413 (Megaptera_novaeangliae), AMNH_239112 (Stenella_frontalis), AMNH_200667 (Monodon_monoceros), and the assessment of soft-tissue outlines from all sampled USNM radiographs.",5,3.375415282,PENDING,0,PENDING,Extant
Stenopterygius quadriscissus__SMF_R_4166,SMF HERR 4166,Stenopterygius_quadriscissus,Reptilia,Euryapsida,"Fossil, original",Flippered,(Almost) Fully Aquatic,"It is typically assumed that all the fully flippered viviparous marine reptiles of the Mesozoic (e.g., ichthyosaurs, plesiosaurs, and mosasaurs) could not travel on land, or seldom did so without great difficulty. For explicit allusions to this view, see Romer and Parsons 1949, p. 73; Thewissen and Taylor 2007; Griebeler and Klein 2019. Under this plausible assumption, we classify all ichthyosaurs, plesiosaurs, and mosasaurs as “(Almost) Fully Aquatic.”",Flippered,Flippered,"All ichthyosaurs are commonly described as having fully flippered fore- and hindlimbs (eg, Romer 1956; Motani 2005; Gutarra and Rahman 2021)",5,5.315024827,183,174.1,PBDB (https://paleobiodb.org/classic/checkTaxonInfo?taxon_no=170897&is_real_user=1),NA
Stenopterygius_quadriscissus__YPM_1653,YPM 1653,Stenopterygius_quadriscissus,Reptilia,Euryapsida,"Fossil, original",Flippered,(Almost) Fully Aquatic,"It is typically assumed that all the fully flippered viviparous marine reptiles of the Mesozoic (e.g., ichthyosaurs, plesiosaurs, and mosasaurs) could not travel on land, or seldom did so without great difficulty. For explicit allusions to this view, see Romer and Parsons 1949, p. 73; Thewissen and Taylor 2007; Griebeler and Klein 2019. Under this plausible assumption, we classify all ichthyosaurs, plesiosaurs, and mosasaurs as “(Almost) Fully Aquatic.”",Flippered,Flippered,"All ichthyosaurs are commonly described as having fully flippered fore- and hindlimbs (eg, Romer 1956; Motani 2005; Gutarra and Rahman 2021)",5,5.389566618,183,174.1,PBDB (https://paleobiodb.org/classic/checkTaxonInfo?taxon_no=170897&is_real_user=1),NA
Stereosternum_tumidum__BSPG_1975_165__c,BSPG 1975 165 c,Mesosaurus_tenuidens,Reptilia,Stem reptiles,"Fossil, original",Non-flippered,Data Deficient,"Although mesosaurs were viviparous (Piñeiro et al. 2012) and clearly adapted for aquatic life (Romer 1956; Demarco et al. 2018), aspects of their vertebral morphometry have alluded to a more semi-aquatic lifestyle, with considerable time spent both in water and on land (Demarco et al. 2019). However, we lack direct evidence concerning whether and to what extent they actually traversed on land, so it remains unclear whether mesosaurs were Moderately, Highly, or Fully Aquatic.",Webbed,Webbed,"All mesosaurids were scored as having extensive, complete pedal webbing, based on exceptional soft-tissues preserved on the hindlimb skeletons of the following mesosaurid specimens: SMNK_PAL_3806, SMF_R_4710, BSPG_1964_I_268, and URCR_064. Scorings were based on high-resolution photographs of the specimens, provided by Antoine Vérriere. Less soft-tissue preservation was discernible on forelimbs, but manual webbing phenotype was tentatively scored based on specimen NHMW_1987_0067_0001, which appears to have complete extensive webbing. Because the taxonomic breadth covered by these specimens remains unclear, the application of these scores to all sampled mesosaurids remains a tentative first approximation, as mesosaurids may have more variability in webbing phenotype than we can currently discern based on available specimens.",3,0.842,PENDING,PENDING,PENDING,PENDING
Stereosternum_tumidum__MZSP_PV_1303,MZSP PV 1303,Mesosaurus_tenuidens,Reptilia,Stem reptiles,"Fossil, original",Non-flippered,Data Deficient,"Although mesosaurs were viviparous (Piñeiro et al. 2012) and clearly adapted for aquatic life (Romer 1956; Demarco et al. 2018), aspects of their vertebral morphometry have alluded to a more semi-aquatic lifestyle, with considerable time spent both in water and on land (Demarco et al. 2019). However, we lack direct evidence concerning whether and to what extent they actually traversed on land, so it remains unclear whether mesosaurs were Moderately, Highly, or Fully Aquatic.",Webbed,Webbed,"All mesosaurids were scored as having extensive, complete pedal webbing, based on exceptional soft-tissues preserved on the hindlimb skeletons of the following mesosaurid specimens: SMNK_PAL_3806, SMF_R_4710, BSPG_1964_I_268, and URCR_064. Scorings were based on high-resolution photographs of the specimens, provided by Antoine Vérriere. Less soft-tissue preservation was discernible on forelimbs, but manual webbing phenotype was tentatively scored based on specimen NHMW_1987_0067_0001, which appears to have complete extensive webbing. Because the taxonomic breadth covered by these specimens remains unclear, the application of these scores to all sampled mesosaurids remains a tentative first approximation, as mesosaurids may have more variability in webbing phenotype than we can currently discern based on available specimens.",3,0.958,PENDING,PENDING,PENDING,PENDING
Stereosternum_tumidum__SMF-R-4528,SMF-R-4528,Mesosaurus_tenuidens,Reptilia,Stem reptiles,"Fossil, original",Non-flippered,Data Deficient,"Although mesosaurs were viviparous (Piñeiro et al. 2012) and clearly adapted for aquatic life (Romer 1956; Demarco et al. 2018), aspects of their vertebral morphometry have alluded to a more semi-aquatic lifestyle, with considerable time spent both in water and on land (Demarco et al. 2019). However, we lack direct evidence concerning whether and to what extent they actually traversed on land, so it remains unclear whether mesosaurs were Moderately, Highly, or Fully Aquatic.",Webbed,Webbed,"All mesosaurids were scored as having extensive, complete pedal webbing, based on exceptional soft-tissues preserved on the hindlimb skeletons of the following mesosaurid specimens: SMNK_PAL_3806, SMF_R_4710, BSPG_1964_I_268, and URCR_064. Scorings were based on high-resolution photographs of the specimens, provided by Antoine Vérriere. Less soft-tissue preservation was discernible on forelimbs, but manual webbing phenotype was tentatively scored based on specimen NHMW_1987_0067_0001, which appears to have complete extensive webbing. Because the taxonomic breadth covered by these specimens remains unclear, the application of these scores to all sampled mesosaurids remains a tentative first approximation, as mesosaurids may have more variability in webbing phenotype than we can currently discern based on available specimens.",3,0.949,PENDING,PENDING,PENDING,PENDING
Stereosternum_tumidum__SMF-R-4710,SMF-R-4710,Mesosaurus_tenuidens,Reptilia,Stem reptiles,"Fossil, original",Non-flippered,Data Deficient,"Although mesosaurs were viviparous (Piñeiro et al. 2012) and clearly adapted for aquatic life (Romer 1956; Demarco et al. 2018), aspects of their vertebral morphometry have alluded to a more semi-aquatic lifestyle, with considerable time spent both in water and on land (Demarco et al. 2019). However, we lack direct evidence concerning whether and to what extent they actually traversed on land, so it remains unclear whether mesosaurs were Moderately, Highly, or Fully Aquatic.",Webbed,Webbed,"All mesosaurids were scored as having extensive, complete pedal webbing, based on exceptional soft-tissues preserved on the hindlimb skeletons of the following mesosaurid specimens: SMNK_PAL_3806, SMF_R_4710, BSPG_1964_I_268, and URCR_064. Scorings were based on high-resolution photographs of the specimens, provided by Antoine Vérriere. Less soft-tissue preservation was discernible on forelimbs, but manual webbing phenotype was tentatively scored based on specimen NHMW_1987_0067_0001, which appears to have complete extensive webbing. Because the taxonomic breadth covered by these specimens remains unclear, the application of these scores to all sampled mesosaurids remains a tentative first approximation, as mesosaurids may have more variability in webbing phenotype than we can currently discern based on available specimens.",3,0.947,PENDING,PENDING,PENDING,PENDING
Stereosternum_tumidum__SMNK_PAL_3808__c,SMNK-PAL-3808,Mesosaurus_tenuidens,Reptilia,Stem reptiles,"Fossil, original",Non-flippered,Data Deficient,"Although mesosaurs were viviparous (Piñeiro et al. 2012) and clearly adapted for aquatic life (Romer 1956; Demarco et al. 2018), aspects of their vertebral morphometry have alluded to a more semi-aquatic lifestyle, with considerable time spent both in water and on land (Demarco et al. 2019). However, we lack direct evidence concerning whether and to what extent they actually traversed on land, so it remains unclear whether mesosaurs were Moderately, Highly, or Fully Aquatic.",Webbed,Webbed,"All mesosaurids were scored as having extensive, complete pedal webbing, based on exceptional soft-tissues preserved on the hindlimb skeletons of the following mesosaurid specimens: SMNK_PAL_3806, SMF_R_4710, BSPG_1964_I_268, and URCR_064. Scorings were based on high-resolution photographs of the specimens, provided by Antoine Vérriere. Less soft-tissue preservation was discernible on forelimbs, but manual webbing phenotype was tentatively scored based on specimen NHMW_1987_0067_0001, which appears to have complete extensive webbing. Because the taxonomic breadth covered by these specimens remains unclear, the application of these scores to all sampled mesosaurids remains a tentative first approximation, as mesosaurids may have more variability in webbing phenotype than we can currently discern based on available specimens.",3,0.966,PENDING,PENDING,PENDING,PENDING
Tachyglossus_aculeatus__YPM_MAM_6799_planform copy,YPM MAM 6799,Tachyglossus_aculeatus,Mammalia,Non-placentals,"Recent, original skeleton",Non-flippered,Transiently Aquatic,"Rismiller and Grutzner 2017: Although it is primarily a fossorial ground-dweller, Tachyglossus is also good swimmer and will readily cross natural waterways. As a result, we consider the species Transiently Aquatic.",Webbed,Webbed,Extensive palm girth overhang with at least partial webbing (tentative scoring based on taxidermied specimen YPM 10903).,3,0.286006889,PENDING,0,PENDING,Extant
Taxidea_americana__AMNH_35178__autopod_DV,AMNH 35178,Taxidea_taxus,Mammalia,Ferae,Recent,Non-flippered,Transiently Aquatic,"Although this species occupies terrestrial environments (Reid 2006: American Badger, pp. 470–471), the American Badger is a good swimmer (Long 1973), and at least two observations have clarified that it will readily travel great distances over water (Wood 1921; Duebbert 1967), for reasons that remain unclear. Assuming this behavior is infrequent but typical, we consider the American Badger to be Transiently Aquatic.","Unclear, terr.",Unwebbed,"Taxidea spp. were scored based on “Taxidea americana” skin specimen AMNH_02842, which appeared unwebbed. However, Long (1973) reports that badgers have a partially webbed manus (and presumably unwebbed feet). This description of the manus conflicts with our observation on skin specimens, so we score the hand’s webbing phenotype as “Unclear”.",NA,0.6526914,PENDING,0,PENDING,Extant
Taxidea_taxus__AMNH_100149__autopods_DV,AMNH 100149,Taxidea_taxus,Mammalia,Ferae,Recent,Non-flippered,Transiently Aquatic,"Although this species occupies terrestrial environments (Reid 2006: American Badger, pp. 470–471), the American Badger is a good swimmer (Long 1973), and at least two observations have clarified that it will readily travel great distances over water (Wood 1921; Duebbert 1967), for reasons that remain unclear. Assuming this behavior is infrequent but typical, we consider the American Badger to be Transiently Aquatic.","Unclear, terr.",Unwebbed,"Taxidea spp. were scored based on “Taxidea americana” skin specimen AMNH_02842, which appeared unwebbed. However, Long (1973) reports that badgers have a partially webbed manus (and presumably unwebbed feet). This description of the manus conflicts with our observation on skin specimens, so we score the hand’s webbing phenotype as “Unclear”.",NA,0.5984871,PENDING,0,PENDING,Extant
Tiliqua_scincoides__YPM_R_10623__forelimb_DV.JPG copy.JPG,YPM HERR 10623,Tiliqua_scincoides,Reptilia,Lepidosauromorpha,Recent,Non-flippered,Terrestrial,Shea 2017,Unwebbed,Unwebbed,Taxidermied Tiliqua_scincoides specimen YPM_HERR_17293: completely unwebbed,1,0.667247387,PENDING,0,PENDING,Extant
Trichechus_manatus__USNM_594165_right.jpg,USNM 594165,Trichechus_manatus,Mammalia,Atlantogenata,"Recent, radiograph",Flippered,(Almost) Fully Aquatic,"Domning 2008: Sirenians are fully aquatic. They are unable to travel on land, bearing their young and spending their entire lives in the water.",Flippered,Flippered,"All sirenians have fully flippered forelimbs (Cooper 2008). This was supported by direct observation of Trichechus specimens (AMNH S-03: Trichechus_inunguis, fluid-preserved; AMNH_202525 and AMNH_201322: Trichechus_sp, fluid-preserved) and high-resolution photographs of Trichechus manatus latirostris in the wild, provided by Meghan Cohorst: Save the Manatee Club, FL, USA).",5,1.12,PENDING,0,PENDING,Extant
Tursiops_truncatus_NMNH_USNM_571204_left.jpg,USNM 571204,Tursiops_truncatus,Mammalia,Ungulata,"Recent, radiograph",Flippered,(Almost) Fully Aquatic,"Reid 2006 (Cetacea: p. 510); Chivers 2008: Cetaceans are fully aquatic mammals, bearing their young and spending their entirely lives in the water.",Flippered,Flippered,"All crown cetaceans were scored as having fully flippered forelimbs, following Cooper 2008 Encyclopedia of Marine Mammals entries on limb anatomy. This was supported by direct observation of fluid-preserved specimens AMNH_202413 (Megaptera_novaeangliae), AMNH_239112 (Stenella_frontalis), AMNH_200667 (Monodon_monoceros), and the assessment of soft-tissue outlines from all sampled USNM radiographs.",5,2.615705351,PENDING,0,PENDING,Extant
Tursiops_truncatus_NMNH_USNM_571269.jpg,USNM 571269,Tursiops_truncatus,Mammalia,Ungulata,"Recent, radiograph",Flippered,(Almost) Fully Aquatic,"Reid 2006 (Cetacea: p. 510); Chivers 2008: Cetaceans are fully aquatic mammals, bearing their young and spending their entirely lives in the water.",Flippered,Flippered,"All crown cetaceans were scored as having fully flippered forelimbs, following Cooper 2008 Encyclopedia of Marine Mammals entries on limb anatomy. This was supported by direct observation of fluid-preserved specimens AMNH_202413 (Megaptera_novaeangliae), AMNH_239112 (Stenella_frontalis), AMNH_200667 (Monodon_monoceros), and the assessment of soft-tissue outlines from all sampled USNM radiographs.",5,2.941300342,PENDING,0,PENDING,Extant
Tylosaurus_proriger__FHSM_VP_3.JPG,FHSM VP 3,Tylosaurus_proriger,Reptilia,Lepidosauromorpha,"Fossil, cast?",Flippered,(Almost) Fully Aquatic,"It is typically assumed that all the fully flippered viviparous marine reptiles of the Mesozoic (e.g., ichthyosaurs, plesiosaurs, and mosasaurs) could not travel on land, or seldom did so without great difficulty. For explicit allusions to this view, see Romer and Parsons 1949, p. 73; Thewissen and Taylor 2007; Griebeler and Klein 2019. Under this plausible assumption, we classify all ichthyosaurs, plesiosaurs, and mosasaurs as “(Almost) Fully Aquatic.”",Flippered,Flippered,"Mosasaurs are typically described as having flippers (eg, Caldwell 2002; Lindgren et al. 2013). Even when these limbs are described as “paddle-like” (Caldwell 2002), they are treated as archetypal flippers or paddles. ",5,4.418963831,86.3,70.6,PBDB (https://paleobiodb.org/classic/checkTaxonInfo?taxon_no=139953&is_real_user=1),NA
Uromastyx_aegyptia__YPM_R_10522__forelimb_DV.JPG,YPM HERR 10522,Uromastyx_aegyptia,Reptilia,Lepidosauromorpha,Recent,Non-flippered,Terrestrial,"Vitt and Caldwell 2014, p. 586: Leiolepidinae: All leiolepidine species are described as fully terrestrial.",Unwebbed,Unwebbed,PENDING,1,0.876677548,PENDING,0,PENDING,Extant
Uromastyx_aegyptia_forelimb_YPM_R_11161.JPG,YPM HERR 11161,Uromastyx_aegyptia,Reptilia,Lepidosauromorpha,Recent,Non-flippered,Terrestrial,"Vitt and Caldwell 2014, p. 586: Leiolepidinae: All leiolepidine species are described as fully terrestrial.",Unwebbed,Unwebbed,,1,1.05,PENDING,0,PENDING,Extant
Uromastyx_maliensis__YPM_R_14920.JPG,YPM HERR 14920,Uromastyx_maliensis,Reptilia,Lepidosauromorpha,Recent,Non-flippered,Terrestrial,"Vitt and Caldwell 2014, p. 586: Leiolepidinae: All leiolepidine species are described as fully terrestrial.",Unwebbed,Unwebbed,,1,0.874726077,PENDING,0,PENDING,Extant
Zalophus_californianus__AMNH_63947__forelimb_zeugoautopod_DV,AMNH 63947,Zalophus_californianus,Mammalia,Ferae,Recent,Flippered,Highly Aquatic,"Berta 2008; Bowen 2008: Pinnipeds are highly adapted to aquatic life, and spend most of their time in the water. They are active swimmers and dive to forage for their exclusively aquatic prey. However, they also routinely haul onto land to rest, bask, and (in some species more than others) court and breed. As a result, we consider all pinnipeds Highly Aquatic.",Flippered,Flippered,"All pinnipeds were scored as having fully flippered fore- and hindlimbs, following Cooper 2008, Encyclopedia of Marine Mammals entries on limb anatomy. This scoring was supported by direct observation of Zalophus and Phoca specimens (YPM 03329: Phoca vitulina concolor, skin; AMNH 201648: Zalophus californianus, fluid-preserved).",5,1.3129898,PENDING,0,PENDING,Extant